{"Cmd_Poll":"0.03","Mode_Poll":"10","Management_Interval":"3600","Management_Command":"","PurgeVideo_Hours":"0","PurgeImage_Hours":"0","PurgeLapse_Hours":"0","GMTOffset":"0","PurgeSpace_ModeEx":"0","PurgeSpace_Level":"10","DawnStart_Minutes":"-180","DayStart_Minutes":"0","DayEnd_Minutes":"0","DuskEnd_Minutes":"180","Latitude":"52.00","Longitude":"0.00","Max_Capture":"0","DayMode":"1","AutoCapture_Interval":"0","AutoCamera_Interval":"0","Days":[["0","1","2","3","4","5","6"],["0","1","2","3","4","5","6"],["0","1","2","3","4","5","6"],["0","1","2","3","4","5","6"],["0","1","2","3","4","5","6"],["0","1","2","3","4","5","6"],["0","1","2","3","4","5","6"],["0","1","2","3","4","5","6"],["0","1","2","3","4","5","6"],["0","1","2","3","4","5","6"],["0","1","2","3","4","5","6"],["0","1","2","3","4","5","6"]],"Commands_On":["ca 1","","","ca 1","","","","","","","","","","","","",""],"Commands_Off":["ca 0","","","ca 0","","","","","","","","","","","","",""],"Modes":["","em night","md 1;em night","em auto","md 0;em night","","","","","","","","","","","",""],"Times":["09:00","10:00","11:00","12:00","13:00","14:00","15:00","16:00","17:00","18:00","19:00","20:00"]}